2017-06-17T21:21:02.000Z,78.8
2017-06-17T21:22:02.000Z,78.91
2017-06-17T21:23:03.000Z,78.69
2017-06-17T21:24:03.000Z,78.69
2017-06-17T21:25:03.000Z,79.03
2017-06-17T21:26:03.000Z,79.03
2017-06-17T21:27:03.000Z,79.25
2017-06-17T21:28:03.000Z,79.03
2017-06-17T21:29:03.000Z,79.03
2017-06-17T21:30:03.000Z,79.03
2017-06-17T21:31:03.000Z,78.91
2017-06-17T21:32:03.000Z,78.91
2017-06-17T21:33:03.000Z,79.03
2017-06-17T21:34:03.000Z,79.03
2017-06-17T21:35:03.000Z,79.14
2017-06-17T21:36:03.000Z,79.93
2017-06-17T21:37:03.000Z,80.49
2017-06-17T21:38:02.000Z,80.82
2017-06-17T21:39:03.000Z,81.16
2017-06-17T21:40:02.000Z,81.28
2017-06-17T21:41:03.000Z,81.28
2017-06-17T21:42:02.000Z,81.39
2017-06-17T21:43:03.000Z,81.39
2017-06-17T21:44:02.000Z,81.5
2017-06-17T21:45:02.000Z,81.5
2017-06-17T21:46:02.000Z,81.5
2017-06-17T21:47:02.000Z,81.61
2017-06-17T21:48:02.000Z,81.61
2017-06-17T21:49:02.000Z,81.61
2017-06-17T21:50:02.000Z,81.61
2017-06-17T21:51:02.000Z,81.61
2017-06-17T21:52:02.000Z,81.61
2017-06-17T21:53:02.000Z,81.61
2017-06-17T21:54:02.000Z,81.61
2017-06-17T21:55:02.000Z,81.61
2017-06-17T21:56:02.000Z,81.5
2017-06-17T21:57:02.000Z,81.61
2017-06-17T21:58:02.000Z,81.61
2017-06-17T21:59:02.000Z,81.61
2017-06-17T22:00:02.000Z,81.61
2017-06-17T22:01:02.000Z,81.61
2017-06-17T22:02:02.000Z,81.72
2017-06-17T22:03:02.000Z,81.61
2017-06-17T22:04:02.000Z,81.61
2017-06-17T22:05:02.000Z,81.5
2017-06-17T22:06:02.000Z,81.5
2017-06-17T22:07:02.000Z,81.61
2017-06-17T22:08:02.000Z,81.61
2017-06-17T22:09:02.000Z,81.61
2017-06-17T22:10:02.000Z,81.61
2017-06-17T22:11:02.000Z,81.61
2017-06-17T22:12:02.000Z,81.5
2017-06-17T22:13:02.000Z,81.5
2017-06-17T22:14:02.000Z,81.5
2017-06-17T22:15:02.000Z,81.39
2017-06-17T22:16:02.000Z,81.39
2017-06-17T22:17:02.000Z,81.5
2017-06-17T22:18:02.000Z,81.39
2017-06-17T22:19:02.000Z,81.39
2017-06-17T22:20:02.000Z,81.39
2017-06-17T22:21:02.000Z,81.28
2017-06-17T22:22:02.000Z,81.28
2017-06-17T22:23:02.000Z,81.28
2017-06-17T22:24:02.000Z,81.28
2017-06-17T22:25:02.000Z,81.28
2017-06-17T22:26:02.000Z,81.16
2017-06-17T22:27:02.000Z,81.28
2017-06-17T22:28:02.000Z,81.5
2017-06-17T22:29:02.000Z,81.28
2017-06-17T22:30:02.000Z,81.28
2017-06-17T22:31:02.000Z,81.28
2017-06-17T22:32:02.000Z,81.28
2017-06-17T22:33:02.000Z,81.28
2017-06-17T22:34:02.000Z,81.28
2017-06-17T22:35:02.000Z,81.16
2017-06-17T22:36:02.000Z,81.05
2017-06-17T22:37:02.000Z,81.16
2017-06-17T22:38:02.000Z,81.05
2017-06-17T22:39:02.000Z,81.05
2017-06-17T22:40:02.000Z,81.05
2017-06-17T22:41:02.000Z,80.94
2017-06-17T22:42:02.000Z,80.94
2017-06-17T22:43:02.000Z,80.94
2017-06-17T22:44:02.000Z,80.94
2017-06-17T22:45:02.000Z,80.94
2017-06-17T22:46:02.000Z,80.82
2017-06-17T22:47:02.000Z,80.94
2017-06-17T22:48:02.000Z,80.82
2017-06-17T22:49:02.000Z,80.82
2017-06-17T22:50:02.000Z,80.82
2017-06-17T22:51:02.000Z,80.82
2017-06-17T22:52:02.000Z,80.82
2017-06-17T22:53:02.000Z,80.82
2017-06-17T22:54:02.000Z,80.71
2017-06-17T22:55:03.000Z,80.71
2017-06-17T22:56:03.000Z,80.6
2017-06-17T22:57:03.000Z,80.71
2017-06-17T22:58:02.000Z,80.71
2017-06-17T22:59:03.000Z,80.6
2017-06-17T23:00:03.000Z,80.6
2017-06-17T23:01:03.000Z,80.6
2017-06-17T23:02:03.000Z,80.6
2017-06-17T23:03:03.000Z,80.6
2017-06-17T23:04:03.000Z,80.6
2017-06-17T23:05:03.000Z,80.49
2017-06-17T23:06:03.000Z,80.49
2017-06-17T23:07:03.000Z,80.6
2017-06-17T23:08:03.000Z,80.49
2017-06-17T23:09:03.000Z,80.38
2017-06-17T23:10:03.000Z,80.38
2017-06-17T23:11:02.000Z,80.26
2017-06-17T23:12:03.000Z,80.38
2017-06-17T23:13:02.000Z,80.38
2017-06-17T23:14:03.000Z,80.38
2017-06-17T23:15:02.000Z,80.38
2017-06-17T23:16:02.000Z,80.38
2017-06-17T23:17:02.000Z,80.38
2017-06-17T23:18:03.000Z,80.38
2017-06-17T23:19:03.000Z,80.38
2017-06-17T23:20:02.000Z,80.38
2017-06-17T23:21:02.000Z,80.26
2017-06-17T23:22:02.000Z,80.26
2017-06-17T23:23:02.000Z,80.26
2017-06-17T23:24:02.000Z,80.26
2017-06-17T23:25:02.000Z,80.26
2017-06-17T23:26:02.000Z,80.26
2017-06-17T23:27:02.000Z,80.26
2017-06-17T23:28:02.000Z,80.15
2017-06-17T23:29:02.000Z,80.15
2017-06-17T23:30:02.000Z,80.15
2017-06-17T23:31:02.000Z,80.04
2017-06-17T23:32:02.000Z,80.15
2017-06-17T23:33:02.000Z,80.15
2017-06-17T23:34:02.000Z,80.15
2017-06-17T23:35:02.000Z,80.15
2017-06-17T23:36:02.000Z,80.04
2017-06-17T23:37:02.000Z,80.04
2017-06-17T23:38:02.000Z,80.04
2017-06-17T23:39:02.000Z,80.04
2017-06-17T23:40:02.000Z,80.04
2017-06-17T23:41:02.000Z,79.93
2017-06-17T23:42:02.000Z,79.93
2017-06-17T23:43:02.000Z,79.93
2017-06-17T23:44:02.000Z,79.93
2017-06-17T23:45:02.000Z,79.93
2017-06-17T23:46:02.000Z,79.93
2017-06-17T23:47:02.000Z,79.93
2017-06-17T23:48:02.000Z,79.81
2017-06-17T23:49:02.000Z,79.93
2017-06-17T23:50:02.000Z,79.93
2017-06-17T23:51:02.000Z,79.81
2017-06-17T23:52:02.000Z,79.93
2017-06-17T23:53:02.000Z,79.81
2017-06-17T23:54:02.000Z,79.81
2017-06-17T23:55:02.000Z,79.93
2017-06-17T23:56:02.000Z,79.81
2017-06-17T23:57:02.000Z,79.81
2017-06-17T23:58:02.000Z,79.81
2017-06-17T23:59:02.000Z,79.81
2017-06-18T00:00:02.000Z,79.81
2017-06-18T00:01:02.000Z,79.7
2017-06-18T00:02:02.000Z,79.81
2017-06-18T00:03:02.000Z,79.81
2017-06-18T00:04:02.000Z,79.81
2017-06-18T00:05:02.000Z,79.81
2017-06-18T00:06:02.000Z,79.7
2017-06-18T00:07:02.000Z,79.7
2017-06-18T00:08:02.000Z,79.7
2017-06-18T00:09:02.000Z,79.7
2017-06-18T00:10:02.000Z,79.59
2017-06-18T00:11:02.000Z,79.59
2017-06-18T00:12:02.000Z,79.59
2017-06-18T00:13:02.000Z,79.59
2017-06-18T00:14:02.000Z,79.59
2017-06-18T00:15:02.000Z,79.59
2017-06-18T00:16:03.000Z,79.59
2017-06-18T00:17:03.000Z,79.59
2017-06-18T00:18:03.000Z,79.59
2017-06-18T00:19:02.000Z,79.59
2017-06-18T00:20:03.000Z,79.47
2017-06-18T00:21:03.000Z,79.59
2017-06-18T00:22:03.000Z,79.59
2017-06-18T00:23:03.000Z,79.47
2017-06-18T00:24:03.000Z,79.47
2017-06-18T00:25:03.000Z,79.47
2017-06-18T00:26:03.000Z,79.47
2017-06-18T00:27:03.000Z,79.47
2017-06-18T00:28:03.000Z,79.47
2017-06-18T00:29:03.000Z,79.47
2017-06-18T00:30:03.000Z,79.47
2017-06-18T00:31:02.000Z,79.36
2017-06-18T00:32:03.000Z,79.47
2017-06-18T00:33:03.000Z,79.36
2017-06-18T00:34:03.000Z,79.47
2017-06-18T00:35:03.000Z,79.36
2017-06-18T00:36:02.000Z,79.36
2017-06-18T00:37:02.000Z,79.36
2017-06-18T00:38:03.000Z,79.36
2017-06-18T00:39:02.000Z,79.36
2017-06-18T00:40:03.000Z,79.25
2017-06-18T00:41:02.000Z,79.25
2017-06-18T00:42:02.000Z,79.36
2017-06-18T00:43:02.000Z,79.25
2017-06-18T00:44:03.000Z,79.25
2017-06-18T00:45:02.000Z,79.25
2017-06-18T00:46:03.000Z,79.14
2017-06-18T00:47:02.000Z,79.25
2017-06-18T00:48:02.000Z,79.25
2017-06-18T00:49:02.000Z,79.25
2017-06-18T00:50:02.000Z,79.25
2017-06-18T00:51:02.000Z,79.14
2017-06-18T00:52:02.000Z,79.25
2017-06-18T00:53:02.000Z,79.25
2017-06-18T00:54:02.000Z,79.14
2017-06-18T00:55:02.000Z,79.14
2017-06-18T00:56:02.000Z,79.03
2017-06-18T00:57:02.000Z,79.03
2017-06-18T00:58:02.000Z,79.14
2017-06-18T00:59:02.000Z,79.14
2017-06-18T01:00:02.000Z,79.03
2017-06-18T01:01:02.000Z,79.03
2017-06-18T01:02:02.000Z,79.03
2017-06-18T01:03:02.000Z,79.03
2017-06-18T01:04:02.000Z,79.03
2017-06-18T01:05:02.000Z,78.91
2017-06-18T01:06:02.000Z,78.91
2017-06-18T01:07:02.000Z,79.03
2017-06-18T01:08:02.000Z,78.91
2017-06-18T01:09:02.000Z,78.91
2017-06-18T01:10:02.000Z,78.91
2017-06-18T01:11:02.000Z,78.91
2017-06-18T01:12:02.000Z,78.91
2017-06-18T01:13:02.000Z,78.91
2017-06-18T01:14:02.000Z,78.91
2017-06-18T01:15:02.000Z,78.8
2017-06-18T01:16:02.000Z,78.8
2017-06-18T01:17:02.000Z,78.8
2017-06-18T01:18:02.000Z,78.8
2017-06-18T01:19:02.000Z,78.8
2017-06-18T01:20:02.000Z,78.8
2017-06-18T01:21:02.000Z,78.69
2017-06-18T01:22:02.000Z,78.8
2017-06-18T01:23:02.000Z,78.8
2017-06-18T01:24:02.000Z,78.69
2017-06-18T01:25:02.000Z,78.69
2017-06-18T01:26:02.000Z,78.69
2017-06-18T01:27:02.000Z,78.69
2017-06-18T01:28:02.000Z,78.69
2017-06-18T01:29:02.000Z,78.69
2017-06-18T01:30:02.000Z,78.69
2017-06-18T01:31:02.000Z,78.57
2017-06-18T01:32:02.000Z,78.69
2017-06-18T01:33:02.000Z,78.57
2017-06-18T01:34:02.000Z,78.57
2017-06-18T01:35:02.000Z,78.57
2017-06-18T01:36:02.000Z,78.57
2017-06-18T01:37:02.000Z,78.57
2017-06-18T01:38:02.000Z,78.57
2017-06-18T01:39:02.000Z,78.57
2017-06-18T01:40:02.000Z,78.57
2017-06-18T01:41:02.000Z,78.46
2017-06-18T01:42:02.000Z,78.46
2017-06-18T01:43:02.000Z,78.57
2017-06-18T01:44:02.000Z,78.57
2017-06-18T01:45:02.000Z,78.57
2017-06-18T01:46:02.000Z,78.46
2017-06-18T01:47:02.000Z,78.46
2017-06-18T01:48:03.000Z,78.46
2017-06-18T01:49:03.000Z,78.46
2017-06-18T01:50:03.000Z,78.46
2017-06-18T01:51:03.000Z,78.46
2017-06-18T01:52:03.000Z,78.46
2017-06-18T01:53:03.000Z,78.35
2017-06-18T01:54:03.000Z,78.46
2017-06-18T01:55:03.000Z,78.35
2017-06-18T01:56:03.000Z,78.35
2017-06-18T01:57:03.000Z,78.35
2017-06-18T01:58:03.000Z,78.35
2017-06-18T01:59:03.000Z,78.35
2017-06-18T02:00:03.000Z,78.35
2017-06-18T02:01:03.000Z,78.24
2017-06-18T02:02:03.000Z,78.35
2017-06-18T02:03:02.000Z,78.35
2017-06-18T02:04:03.000Z,78.35
2017-06-18T02:05:03.000Z,78.24
2017-06-18T02:06:03.000Z,78.24
2017-06-18T02:07:03.000Z,78.24
2017-06-18T02:08:02.000Z,78.24
2017-06-18T02:09:02.000Z,78.24
2017-06-18T02:10:02.000Z,78.12
2017-06-18T02:11:03.000Z,78.12
2017-06-18T02:12:02.000Z,78.12
2017-06-18T02:13:03.000Z,78.12
2017-06-18T02:14:02.000Z,78.12
2017-06-18T02:15:02.000Z,78.12
2017-06-18T02:16:02.000Z,78.12
2017-06-18T02:17:02.000Z,78.12
2017-06-18T02:18:02.000Z,78.12
2017-06-18T02:19:02.000Z,78.12
2017-06-18T02:20:02.000Z,78.12
2017-06-18T02:21:02.000Z,78.12
2017-06-18T02:22:02.000Z,78.12
2017-06-18T02:23:02.000Z,78.12
2017-06-18T02:24:02.000Z,78.01
2017-06-18T02:25:02.000Z,78.12
2017-06-18T02:26:02.000Z,78.01
2017-06-18T02:27:02.000Z,78.01
2017-06-18T02:28:02.000Z,78.01
2017-06-18T02:29:02.000Z,78.01
2017-06-18T02:30:02.000Z,78.01
2017-06-18T02:31:02.000Z,77.9
2017-06-18T02:32:02.000Z,78.01
2017-06-18T02:33:02.000Z,78.01
2017-06-18T02:34:02.000Z,78.01
2017-06-18T02:35:02.000Z,78.01
2017-06-18T02:36:02.000Z,77.9
2017-06-18T02:37:02.000Z,78.01
2017-06-18T02:38:02.000Z,78.01
2017-06-18T02:39:02.000Z,78.01
2017-06-18T02:40:02.000Z,78.01
2017-06-18T02:41:02.000Z,77.9
2017-06-18T02:42:02.000Z,78.01
2017-06-18T02:43:02.000Z,77.9
2017-06-18T02:44:02.000Z,77.9
2017-06-18T02:45:02.000Z,77.9
2017-06-18T02:46:02.000Z,77.79
2017-06-18T02:47:02.000Z,77.79
2017-06-18T02:48:02.000Z,77.79
2017-06-18T02:49:02.000Z,77.79
2017-06-18T02:50:02.000Z,77.79
2017-06-18T02:51:02.000Z,77.79
2017-06-18T02:52:02.000Z,77.79
2017-06-18T02:53:02.000Z,77.79
2017-06-18T02:54:02.000Z,77.79
2017-06-18T02:55:02.000Z,77.79
2017-06-18T02:56:02.000Z,77.68
2017-06-18T02:57:02.000Z,77.79
2017-06-18T02:58:02.000Z,77.68
2017-06-18T02:59:02.000Z,77.79
2017-06-18T03:00:02.000Z,77.79
2017-06-18T03:01:02.000Z,77.79
2017-06-18T03:02:02.000Z,77.79
2017-06-18T03:03:02.000Z,77.68
2017-06-18T03:04:02.000Z,77.68
2017-06-18T03:05:02.000Z,77.79
2017-06-18T03:06:02.000Z,77.56
2017-06-18T03:07:02.000Z,77.68
2017-06-18T03:08:02.000Z,77.68
2017-06-18T03:09:02.000Z,77.68
2017-06-18T03:10:02.000Z,77.68
2017-06-18T03:11:02.000Z,77.68
2017-06-18T03:12:02.000Z,77.68
2017-06-18T03:13:02.000Z,77.56
2017-06-18T03:14:02.000Z,77.68
2017-06-18T03:15:02.000Z,77.68
2017-06-18T03:16:02.000Z,77.56
2017-06-18T03:17:03.000Z,77.56
2017-06-18T03:18:02.000Z,77.56
2017-06-18T03:19:02.000Z,77.68
2017-06-18T03:20:02.000Z,77.56
2017-06-18T03:21:03.000Z,77.56
2017-06-18T03:22:02.000Z,77.56
2017-06-18T03:23:02.000Z,77.56
2017-06-18T03:24:02.000Z,77.56
2017-06-18T03:25:02.000Z,77.56
2017-06-18T03:26:02.000Z,77.56
2017-06-18T03:27:02.000Z,77.56
2017-06-18T03:28:02.000Z,77.56
2017-06-18T03:29:02.000Z,77.56
2017-06-18T03:30:02.000Z,77.45
2017-06-18T03:31:02.000Z,77.45
2017-06-18T03:32:02.000Z,77.56
2017-06-18T03:33:02.000Z,77.45
2017-06-18T03:34:02.000Z,77.45
2017-06-18T03:35:03.000Z,77.45
2017-06-18T03:36:02.000Z,77.45
2017-06-18T03:37:02.000Z,77.45
2017-06-18T03:38:02.000Z,77.45
2017-06-18T03:39:02.000Z,77.34
2017-06-18T03:40:02.000Z,77.34
2017-06-18T03:41:02.000Z,77.34
2017-06-18T03:42:02.000Z,77.45
2017-06-18T03:43:02.000Z,77.34
2017-06-18T03:44:02.000Z,77.45
2017-06-18T03:45:02.000Z,77.45
2017-06-18T03:46:02.000Z,77.34
2017-06-18T03:47:02.000Z,77.45
2017-06-18T03:48:02.000Z,77.34
2017-06-18T03:49:02.000Z,77.45
2017-06-18T03:50:02.000Z,77.34
2017-06-18T03:51:02.000Z,77.34
2017-06-18T03:52:02.000Z,77.34
2017-06-18T03:53:03.000Z,77.34
2017-06-18T03:54:02.000Z,77.34
2017-06-18T03:55:03.000Z,77.34
2017-06-18T03:56:03.000Z,77.22
2017-06-18T03:57:03.000Z,77.22
2017-06-18T03:58:03.000Z,77.34
2017-06-18T03:59:03.000Z,77.22
2017-06-18T04:00:03.000Z,77.22
2017-06-18T04:01:02.000Z,77.22
2017-06-18T04:02:02.000Z,77.22
2017-06-18T04:03:02.000Z,77.22
2017-06-18T04:04:02.000Z,77.22
2017-06-18T04:05:02.000Z,77.22
2017-06-18T04:06:02.000Z,77.11
2017-06-18T04:07:02.000Z,77.22
2017-06-18T04:08:02.000Z,77.22
2017-06-18T04:09:02.000Z,77.22
2017-06-18T04:10:02.000Z,77.22
2017-06-18T04:11:02.000Z,77.11
2017-06-18T04:12:02.000Z,77.11
2017-06-18T04:13:02.000Z,77.11
2017-06-18T04:14:02.000Z,77.11
2017-06-18T04:15:02.000Z,77.11
2017-06-18T04:16:02.000Z,77.11
2017-06-18T04:17:02.000Z,77.11
2017-06-18T04:18:02.000Z,77.11
2017-06-18T04:19:02.000Z,77.11
2017-06-18T04:20:02.000Z,77.11
2017-06-18T04:21:02.000Z,77.11
2017-06-18T04:22:02.000Z,77.0
2017-06-18T04:23:03.000Z,77.11
2017-06-18T04:24:02.000Z,77.0
2017-06-18T04:25:03.000Z,77.0
2017-06-18T04:26:03.000Z,77.0
2017-06-18T04:27:03.000Z,77.0
2017-06-18T04:28:03.000Z,77.0
2017-06-18T04:29:03.000Z,77.0
2017-06-18T04:30:03.000Z,77.0
2017-06-18T04:31:03.000Z,76.89
2017-06-18T04:32:02.000Z,77.0
2017-06-18T04:33:02.000Z,77.0
2017-06-18T04:34:02.000Z,77.0
2017-06-18T04:35:02.000Z,77.0
2017-06-18T04:36:02.000Z,76.89
2017-06-18T04:37:02.000Z,76.89
2017-06-18T04:38:02.000Z,76.89
2017-06-18T04:39:02.000Z,76.89
2017-06-18T04:40:02.000Z,76.89
2017-06-18T04:41:02.000Z,76.89
2017-06-18T04:42:02.000Z,76.89
2017-06-18T04:43:02.000Z,76.89
2017-06-18T04:44:02.000Z,76.89
2017-06-18T04:45:02.000Z,76.89
2017-06-18T04:46:02.000Z,76.78
2017-06-18T04:47:02.000Z,76.78
2017-06-18T04:48:02.000Z,76.78
2017-06-18T04:49:02.000Z,76.78
2017-06-18T04:50:02.000Z,76.78
2017-06-18T04:51:02.000Z,76.78
2017-06-18T04:52:02.000Z,76.78
2017-06-18T04:53:02.000Z,76.78
2017-06-18T04:54:02.000Z,76.78
2017-06-18T04:55:02.000Z,76.78
2017-06-18T04:56:02.000Z,76.66
2017-06-18T04:57:02.000Z,76.78
2017-06-18T04:58:02.000Z,76.78
2017-06-18T04:59:02.000Z,76.78
2017-06-18T05:00:02.000Z,76.78
2017-06-18T05:01:02.000Z,76.78
2017-06-18T05:02:03.000Z,76.78
2017-06-18T05:03:06.000Z,76.78
2017-06-18T05:04:02.000Z,76.66
2017-06-18T05:05:02.000Z,76.66
2017-06-18T05:06:03.000Z,76.78
2017-06-18T05:07:02.000Z,76.78
2017-06-18T05:08:02.000Z,76.66
2017-06-18T05:09:02.000Z,76.66
2017-06-18T05:10:02.000Z,76.66
2017-06-18T05:11:03.000Z,76.66
2017-06-18T05:12:02.000Z,76.66
2017-06-18T05:13:03.000Z,76.66
2017-06-18T05:14:02.000Z,76.66
2017-06-18T05:15:02.000Z,76.66
2017-06-18T05:16:02.000Z,76.66
2017-06-18T05:17:03.000Z,76.66
2017-06-18T05:18:03.000Z,76.55
2017-06-18T05:19:02.000Z,76.66
2017-06-18T05:20:04.000Z,76.55
2017-06-18T05:21:02.000Z,76.55
2017-06-18T05:22:02.000Z,76.55
2017-06-18T05:23:03.000Z,76.55
2017-06-18T05:24:03.000Z,76.55
2017-06-18T05:25:02.000Z,76.55
2017-06-18T05:26:03.000Z,76.55
2017-06-18T05:27:02.000Z,76.55
2017-06-18T05:28:04.000Z,76.55
2017-06-18T05:29:04.000Z,76.55
2017-06-18T05:30:07.000Z,76.55
2017-06-18T05:31:05.000Z,76.55
2017-06-18T05:32:04.000Z,76.55
2017-06-18T05:33:02.000Z,76.55
2017-06-18T05:34:02.000Z,76.44
2017-06-18T05:35:42.000Z,76.44
2017-06-18T05:36:03.000Z,76.44
2017-06-18T05:37:04.000Z,76.44
2017-06-18T05:38:31.000Z,76.44
2017-06-18T05:39:09.000Z,76.44
2017-06-18T05:40:02.000Z,76.44
2017-06-18T05:41:03.000Z,76.44
2017-06-18T05:42:03.000Z,76.44
2017-06-18T05:43:02.000Z,76.44
2017-06-18T05:44:02.000Z,76.44
2017-06-18T05:45:03.000Z,76.44
2017-06-18T05:46:03.000Z,76.44
2017-06-18T05:47:03.000Z,76.44
2017-06-18T05:48:02.000Z,76.44
2017-06-18T05:49:02.000Z,76.44
2017-06-18T05:50:03.000Z,76.32
2017-06-18T05:51:02.000Z,76.44
2017-06-18T05:52:02.000Z,76.44
2017-06-18T05:53:02.000Z,76.32
2017-06-18T05:54:02.000Z,76.32
2017-06-18T05:55:02.000Z,76.32
2017-06-18T05:56:02.000Z,76.32
2017-06-18T05:57:02.000Z,76.32
2017-06-18T05:58:02.000Z,76.32
2017-06-18T05:59:03.000Z,76.32
2017-06-18T06:00:03.000Z,76.32
2017-06-18T06:01:03.000Z,76.32
2017-06-18T06:02:02.000Z,76.32
2017-06-18T06:03:02.000Z,76.32
2017-06-18T06:04:02.000Z,76.32
2017-06-18T06:05:03.000Z,76.32
2017-06-18T06:06:03.000Z,76.32
2017-06-18T06:07:02.000Z,76.21
2017-06-18T06:08:02.000Z,76.21
2017-06-18T06:09:02.000Z,76.21
2017-06-18T06:10:02.000Z,76.21
2017-06-18T06:11:02.000Z,76.21
2017-06-18T06:12:03.000Z,76.21
2017-06-18T06:13:03.000Z,76.21
2017-06-18T06:14:02.000Z,76.21
2017-06-18T06:15:02.000Z,76.21
2017-06-18T06:16:02.000Z,76.21
2017-06-18T06:17:02.000Z,76.21
2017-06-18T06:18:02.000Z,76.1
2017-06-18T06:19:02.000Z,76.21
2017-06-18T06:20:02.000Z,76.1
2017-06-18T06:21:02.000Z,76.1
2017-06-18T06:22:02.000Z,76.1
2017-06-18T06:23:02.000Z,76.1
2017-06-18T06:24:03.000Z,76.1
2017-06-18T06:25:03.000Z,76.1
2017-06-18T06:26:03.000Z,76.1
2017-06-18T06:27:03.000Z,76.1
2017-06-18T06:28:03.000Z,76.1
2017-06-18T06:29:03.000Z,76.1
2017-06-18T06:30:03.000Z,76.1
2017-06-18T06:31:02.000Z,76.1
2017-06-18T06:32:02.000Z,76.1
2017-06-18T06:33:02.000Z,76.1
2017-06-18T06:34:02.000Z,76.1
2017-06-18T06:35:03.000Z,76.1
2017-06-18T06:36:03.000Z,76.1
2017-06-18T06:37:02.000Z,76.1
2017-06-18T06:38:02.000Z,76.1
2017-06-18T06:39:02.000Z,76.1
2017-06-18T06:40:02.000Z,76.1
2017-06-18T06:41:02.000Z,75.99
2017-06-18T06:42:02.000Z,75.99
2017-06-18T06:43:03.000Z,75.99
2017-06-18T06:44:02.000Z,75.99
2017-06-18T06:45:03.000Z,75.99
2017-06-18T06:46:02.000Z,75.99
2017-06-18T06:47:03.000Z,75.99
2017-06-18T06:48:03.000Z,75.99
2017-06-18T06:49:03.000Z,75.99
2017-06-18T06:50:03.000Z,75.99
2017-06-18T06:51:03.000Z,75.99
2017-06-18T06:52:03.000Z,75.99
2017-06-18T06:53:03.000Z,75.99
2017-06-18T06:54:03.000Z,75.99
2017-06-18T06:55:03.000Z,75.99
2017-06-18T06:56:03.000Z,75.88
2017-06-18T06:57:03.000Z,75.88
2017-06-18T06:58:03.000Z,75.88
2017-06-18T06:59:03.000Z,75.88
2017-06-18T07:00:03.000Z,75.88
2017-06-18T07:01:02.000Z,75.76
2017-06-18T07:02:03.000Z,75.88
2017-06-18T07:03:03.000Z,75.88
2017-06-18T07:04:03.000Z,75.88
2017-06-18T07:05:02.000Z,75.88
2017-06-18T07:06:02.000Z,75.76
2017-06-18T07:07:03.000Z,75.88
2017-06-18T07:08:03.000Z,75.88
2017-06-18T07:09:03.000Z,75.88
2017-06-18T07:10:02.000Z,75.88
2017-06-18T07:11:03.000Z,75.76
2017-06-18T07:12:03.000Z,75.88
2017-06-18T07:13:03.000Z,75.88
2017-06-18T07:14:03.000Z,75.88
2017-06-18T07:15:03.000Z,75.88
2017-06-18T07:16:02.000Z,75.76
2017-06-18T07:17:03.000Z,75.88
2017-06-18T07:18:02.000Z,75.76
2017-06-18T07:19:03.000Z,75.76
2017-06-18T07:20:02.000Z,75.76
2017-06-18T07:21:02.000Z,75.76
2017-06-18T07:22:03.000Z,75.76
2017-06-18T07:23:02.000Z,75.76
2017-06-18T07:24:03.000Z,75.76
2017-06-18T07:25:02.000Z,75.76
2017-06-18T07:26:02.000Z,75.76
2017-06-18T07:27:02.000Z,75.76
2017-06-18T07:28:02.000Z,75.76
2017-06-18T07:29:02.000Z,75.76
2017-06-18T07:30:02.000Z,75.76
2017-06-18T07:31:02.000Z,75.65
2017-06-18T07:32:02.000Z,75.76
2017-06-18T07:33:02.000Z,75.76
2017-06-18T07:34:02.000Z,75.76
2017-06-18T07:35:02.000Z,75.76
2017-06-18T07:36:02.000Z,75.65
2017-06-18T07:37:02.000Z,75.76
2017-06-18T07:38:02.000Z,75.76
2017-06-18T07:39:02.000Z,75.76
2017-06-18T07:40:02.000Z,75.76
2017-06-18T07:41:02.000Z,75.65
2017-06-18T07:42:02.000Z,75.76
2017-06-18T07:43:02.000Z,75.76
2017-06-18T07:44:02.000Z,75.76
2017-06-18T07:45:02.000Z,75.65
2017-06-18T07:46:02.000Z,75.65
2017-06-18T07:47:02.000Z,75.65
2017-06-18T07:48:02.000Z,75.65
2017-06-18T07:49:02.000Z,75.65
2017-06-18T07:50:02.000Z,75.65
2017-06-18T07:51:02.000Z,75.65
2017-06-18T07:52:02.000Z,75.65
2017-06-18T07:53:02.000Z,75.65
2017-06-18T07:54:02.000Z,75.65
2017-06-18T07:55:02.000Z,75.65
2017-06-18T07:56:02.000Z,75.65
2017-06-18T07:57:02.000Z,75.65
2017-06-18T07:58:02.000Z,75.65
2017-06-18T07:59:02.000Z,75.65
2017-06-18T08:00:02.000Z,75.65
2017-06-18T08:01:02.000Z,75.54
2017-06-18T08:02:02.000Z,75.65
2017-06-18T08:03:02.000Z,75.65
2017-06-18T08:04:02.000Z,75.65
2017-06-18T08:05:02.000Z,75.65
2017-06-18T08:06:02.000Z,75.54
2017-06-18T08:07:02.000Z,75.65
2017-06-18T08:08:02.000Z,75.54
2017-06-18T08:09:02.000Z,75.65
2017-06-18T08:10:02.000Z,75.54
2017-06-18T08:11:02.000Z,75.54
2017-06-18T08:12:02.000Z,75.54
2017-06-18T08:13:02.000Z,75.54
2017-06-18T08:14:02.000Z,75.54
2017-06-18T08:15:02.000Z,75.54
2017-06-18T08:16:02.000Z,75.54
2017-06-18T08:17:02.000Z,75.54
2017-06-18T08:18:02.000Z,75.54
2017-06-18T08:19:02.000Z,75.54
2017-06-18T08:20:02.000Z,75.54
2017-06-18T08:21:02.000Z,75.54
2017-06-18T08:22:02.000Z,75.54
2017-06-18T08:23:02.000Z,75.54
2017-06-18T08:24:02.000Z,75.54
2017-06-18T08:25:02.000Z,75.43
2017-06-18T08:26:03.000Z,75.43
2017-06-18T08:27:03.000Z,75.54
2017-06-18T08:28:02.000Z,75.43
2017-06-18T08:29:03.000Z,75.54
2017-06-18T08:30:03.000Z,75.54
2017-06-18T08:31:03.000Z,75.43
2017-06-18T08:32:03.000Z,75.43
2017-06-18T08:33:03.000Z,75.43
2017-06-18T08:34:03.000Z,75.54
2017-06-18T08:35:03.000Z,75.43
2017-06-18T08:36:03.000Z,75.43
2017-06-18T08:37:03.000Z,75.43
2017-06-18T08:38:03.000Z,75.43
2017-06-18T08:39:03.000Z,75.43
2017-06-18T08:40:03.000Z,75.43
2017-06-18T08:41:02.000Z,75.43
2017-06-18T08:42:03.000Z,75.43
2017-06-18T08:43:03.000Z,75.43
2017-06-18T08:44:03.000Z,75.43
2017-06-18T08:45:03.000Z,75.43
2017-06-18T08:46:02.000Z,75.31
2017-06-18T08:47:02.000Z,75.43
2017-06-18T08:48:03.000Z,75.43
2017-06-18T08:49:03.000Z,75.43
2017-06-18T08:50:03.000Z,75.31
2017-06-18T08:51:02.000Z,75.31
2017-06-18T08:52:02.000Z,75.43
2017-06-18T08:53:02.000Z,75.31
2017-06-18T08:54:02.000Z,75.43
2017-06-18T08:55:03.000Z,75.31
2017-06-18T08:56:02.000Z,75.31
2017-06-18T08:57:02.000Z,75.31
2017-06-18T08:58:02.000Z,75.31
2017-06-18T08:59:02.000Z,75.31
2017-06-18T09:00:02.000Z,75.31
2017-06-18T09:01:02.000Z,75.31
2017-06-18T09:02:02.000Z,75.31
2017-06-18T09:03:02.000Z,75.31
2017-06-18T09:04:02.000Z,75.31
2017-06-18T09:05:02.000Z,75.31
2017-06-18T09:06:02.000Z,75.31
2017-06-18T09:07:02.000Z,75.31
2017-06-18T09:08:02.000Z,75.31
2017-06-18T09:09:02.000Z,75.31
2017-06-18T09:10:02.000Z,75.31
2017-06-18T09:11:02.000Z,75.2
2017-06-18T09:12:02.000Z,75.2
2017-06-18T09:13:02.000Z,75.31
2017-06-18T09:14:02.000Z,75.31
2017-06-18T09:15:02.000Z,75.31
2017-06-18T09:16:02.000Z,75.2
2017-06-18T09:17:02.000Z,75.2
2017-06-18T09:18:02.000Z,75.2
2017-06-18T09:19:02.000Z,75.2
2017-06-18T09:20:02.000Z,75.2
2017-06-18T09:21:02.000Z,75.2
2017-06-18T09:22:02.000Z,75.2
2017-06-18T09:23:02.000Z,75.2
2017-06-18T09:24:02.000Z,75.2
2017-06-18T09:25:02.000Z,75.2
2017-06-18T09:26:02.000Z,75.2
2017-06-18T09:27:02.000Z,75.2
2017-06-18T09:28:02.000Z,75.2
2017-06-18T09:29:02.000Z,75.2
2017-06-18T09:30:02.000Z,75.2
2017-06-18T09:31:02.000Z,75.2
2017-06-18T09:32:02.000Z,75.2
2017-06-18T09:33:02.000Z,75.2
2017-06-18T09:34:02.000Z,75.2
2017-06-18T09:35:02.000Z,75.2
2017-06-18T09:36:02.000Z,75.09
2017-06-18T09:37:02.000Z,75.2
2017-06-18T09:38:02.000Z,75.2
2017-06-18T09:39:02.000Z,75.2
2017-06-18T09:40:02.000Z,75.2
2017-06-18T09:41:02.000Z,75.09
2017-06-18T09:42:02.000Z,75.2
2017-06-18T09:43:02.000Z,75.2
2017-06-18T09:44:02.000Z,75.09
2017-06-18T09:45:02.000Z,75.09
2017-06-18T09:46:02.000Z,75.09
2017-06-18T09:47:02.000Z,75.09
2017-06-18T09:48:02.000Z,75.09
2017-06-18T09:49:02.000Z,75.09
2017-06-18T09:50:02.000Z,75.09
2017-06-18T09:51:02.000Z,75.09
2017-06-18T09:52:03.000Z,75.09
2017-06-18T09:53:03.000Z,75.09
2017-06-18T09:54:02.000Z,75.09
2017-06-18T09:55:03.000Z,75.09
2017-06-18T09:56:02.000Z,74.97
2017-06-18T09:57:03.000Z,75.09
2017-06-18T09:58:03.000Z,75.09
2017-06-18T09:59:03.000Z,75.09
2017-06-18T10:00:03.000Z,75.09
2017-06-18T10:01:03.000Z,74.97
2017-06-18T10:02:03.000Z,75.09
2017-06-18T10:03:03.000Z,75.09
2017-06-18T10:04:03.000Z,75.09
2017-06-18T10:05:03.000Z,75.09
2017-06-18T10:06:03.000Z,74.97
2017-06-18T10:07:02.000Z,74.97
2017-06-18T10:08:03.000Z,75.09
2017-06-18T10:09:03.000Z,74.97
2017-06-18T10:10:03.000Z,74.97
2017-06-18T10:11:03.000Z,74.97
2017-06-18T10:12:02.000Z,74.97
2017-06-18T10:13:03.000Z,74.97
2017-06-18T10:14:03.000Z,74.97
2017-06-18T10:15:03.000Z,74.97
2017-06-18T10:16:03.000Z,74.97
2017-06-18T10:17:02.000Z,75.09
2017-06-18T10:18:02.000Z,74.97
2017-06-18T10:19:02.000Z,74.97
2017-06-18T10:20:02.000Z,74.97
2017-06-18T10:21:03.000Z,74.97
2017-06-18T10:22:02.000Z,74.97
2017-06-18T10:23:02.000Z,74.97
2017-06-18T10:24:02.000Z,74.97
2017-06-18T10:25:02.000Z,74.86
2017-06-18T10:26:02.000Z,74.86
2017-06-18T10:27:02.000Z,74.97
2017-06-18T10:28:02.000Z,74.97
2017-06-18T10:29:02.000Z,74.97
2017-06-18T10:30:02.000Z,74.86
2017-06-18T10:31:02.000Z,74.86
2017-06-18T10:32:02.000Z,74.97
2017-06-18T10:33:02.000Z,74.86
2017-06-18T10:34:02.000Z,74.86
2017-06-18T10:35:02.000Z,74.86
2017-06-18T10:36:02.000Z,74.86
2017-06-18T10:37:02.000Z,74.86
2017-06-18T10:38:02.000Z,74.86
2017-06-18T10:39:02.000Z,74.86
2017-06-18T10:40:02.000Z,74.86
2017-06-18T10:41:02.000Z,74.86
2017-06-18T10:42:02.000Z,74.86
2017-06-18T10:43:02.000Z,74.86
2017-06-18T10:44:02.000Z,74.86
2017-06-18T10:45:02.000Z,74.86
2017-06-18T10:46:02.000Z,74.75
2017-06-18T10:47:02.000Z,74.86
2017-06-18T10:48:02.000Z,74.86
2017-06-18T10:49:02.000Z,74.86
2017-06-18T10:50:02.000Z,74.86
2017-06-18T10:51:02.000Z,74.75
2017-06-18T10:52:02.000Z,74.86
2017-06-18T10:53:02.000Z,74.86
2017-06-18T10:54:02.000Z,74.86
2017-06-18T10:55:02.000Z,74.86
2017-06-18T10:56:02.000Z,74.75
2017-06-18T10:57:02.000Z,74.75
2017-06-18T10:58:02.000Z,74.75
2017-06-18T10:59:02.000Z,74.75
2017-06-18T11:00:02.000Z,74.75
2017-06-18T11:01:02.000Z,74.75
2017-06-18T11:02:02.000Z,74.75
2017-06-18T11:03:02.000Z,74.75
2017-06-18T11:04:02.000Z,74.75
2017-06-18T11:05:02.000Z,74.75
2017-06-18T11:06:02.000Z,74.75
2017-06-18T11:07:02.000Z,74.75
2017-06-18T11:08:02.000Z,74.75
2017-06-18T11:09:02.000Z,74.75
2017-06-18T11:10:02.000Z,74.75
2017-06-18T11:11:02.000Z,74.64
2017-06-18T11:12:02.000Z,74.75
2017-06-18T11:13:03.000Z,74.75
2017-06-18T11:14:03.000Z,74.75
2017-06-18T11:15:02.000Z,74.75
2017-06-18T11:16:03.000Z,74.64
2017-06-18T11:17:02.000Z,74.64
2017-06-18T11:18:03.000Z,74.75
2017-06-18T11:19:03.000Z,74.75
2017-06-18T11:20:03.000Z,74.64
2017-06-18T11:21:03.000Z,74.64
2017-06-18T11:22:03.000Z,74.64
2017-06-18T11:23:03.000Z,74.64
2017-06-18T11:24:03.000Z,74.64
2017-06-18T11:25:03.000Z,74.64
2017-06-18T11:26:03.000Z,74.64
2017-06-18T11:27:03.000Z,74.64
2017-06-18T11:28:02.000Z,74.64
2017-06-18T11:29:02.000Z,74.64
2017-06-18T11:30:03.000Z,74.64
2017-06-18T11:31:02.000Z,74.53
2017-06-18T11:32:03.000Z,74.64
2017-06-18T11:33:02.000Z,74.64
2017-06-18T11:34:02.000Z,74.64
2017-06-18T11:35:02.000Z,74.53
2017-06-18T11:36:02.000Z,74.53
2017-06-18T11:37:02.000Z,74.53
2017-06-18T11:38:03.000Z,74.64
2017-06-18T11:39:02.000Z,74.53
2017-06-18T11:40:02.000Z,74.64
2017-06-18T11:41:02.000Z,74.53
2017-06-18T11:42:02.000Z,74.53
2017-06-18T11:43:02.000Z,74.53
2017-06-18T11:44:02.000Z,74.53
2017-06-18T11:45:02.000Z,74.53
2017-06-18T11:46:02.000Z,74.53
2017-06-18T11:47:02.000Z,74.53
2017-06-18T11:48:02.000Z,74.53
2017-06-18T11:49:02.000Z,74.53
2017-06-18T11:50:02.000Z,74.53
2017-06-18T11:51:02.000Z,74.41
2017-06-18T11:52:02.000Z,74.53
2017-06-18T11:53:02.000Z,74.53
2017-06-18T11:54:02.000Z,74.53
2017-06-18T11:55:02.000Z,74.53
2017-06-18T11:56:02.000Z,74.53
2017-06-18T11:57:02.000Z,74.53
2017-06-18T11:58:02.000Z,74.53
2017-06-18T11:59:02.000Z,74.53
2017-06-18T12:00:02.000Z,74.53
2017-06-18T12:01:02.000Z,74.53
2017-06-18T12:02:02.000Z,74.53
2017-06-18T12:03:02.000Z,74.53
2017-06-18T12:04:02.000Z,74.41
2017-06-18T12:05:02.000Z,74.41
2017-06-18T12:06:02.000Z,74.41
2017-06-18T12:07:02.000Z,74.53
2017-06-18T12:08:02.000Z,74.53
2017-06-18T12:09:02.000Z,74.41
2017-06-18T12:10:02.000Z,74.41
2017-06-18T12:11:02.000Z,74.41
2017-06-18T12:12:02.000Z,74.41
2017-06-18T12:13:02.000Z,74.41
2017-06-18T12:14:02.000Z,74.41
2017-06-18T12:15:02.000Z,74.41
2017-06-18T12:16:02.000Z,74.41
2017-06-18T12:17:02.000Z,74.41
2017-06-18T12:18:02.000Z,74.41
2017-06-18T12:19:02.000Z,74.41
2017-06-18T12:20:02.000Z,74.41
2017-06-18T12:21:02.000Z,74.3
2017-06-18T12:22:02.000Z,74.41
2017-06-18T12:23:02.000Z,74.41
2017-06-18T12:24:02.000Z,74.41
2017-06-18T12:25:02.000Z,74.41
2017-06-18T12:26:02.000Z,74.3
2017-06-18T12:27:02.000Z,74.41
2017-06-18T12:28:02.000Z,74.41
2017-06-18T12:29:02.000Z,74.41
2017-06-18T12:30:02.000Z,74.3
2017-06-18T12:31:02.000Z,74.3
2017-06-18T12:32:02.000Z,74.41
2017-06-18T12:33:02.000Z,74.3
2017-06-18T12:34:02.000Z,74.3
2017-06-18T12:35:02.000Z,74.3
2017-06-18T12:36:03.000Z,74.3
2017-06-18T12:37:03.000Z,74.3
2017-06-18T12:38:03.000Z,74.3
2017-06-18T12:39:03.000Z,74.3
2017-06-18T12:40:02.000Z,74.3
2017-06-18T12:41:02.000Z,74.3
2017-06-18T12:42:02.000Z,74.3
2017-06-18T12:43:02.000Z,74.3
2017-06-18T12:44:03.000Z,74.3
2017-06-18T12:45:03.000Z,74.3
2017-06-18T12:46:03.000Z,74.3
2017-06-18T12:47:02.000Z,74.3
2017-06-18T12:48:02.000Z,74.3
2017-06-18T12:49:02.000Z,74.3
2017-06-18T12:50:02.000Z,74.3
2017-06-18T12:51:02.000Z,74.3
2017-06-18T12:52:02.000Z,74.3
2017-06-18T12:53:02.000Z,74.3
2017-06-18T12:54:02.000Z,74.3
2017-06-18T12:55:03.000Z,74.3
2017-06-18T12:56:02.000Z,74.3
2017-06-18T12:57:02.000Z,74.3
2017-06-18T12:58:02.000Z,74.3
2017-06-18T12:59:02.000Z,74.3
2017-06-18T13:00:02.000Z,74.3
2017-06-18T13:01:02.000Z,74.3
2017-06-18T13:02:02.000Z,74.3
2017-06-18T13:03:02.000Z,74.3
2017-06-18T13:04:02.000Z,74.3
2017-06-18T13:05:02.000Z,74.19
2017-06-18T13:06:03.000Z,73.74
2017-06-18T13:07:03.000Z,73.51
2017-06-18T13:08:02.000Z,73.4
2017-06-18T13:09:02.000Z,73.4
2017-06-18T13:10:02.000Z,73.29
2017-06-18T13:11:02.000Z,73.51
2017-06-18T13:12:02.000Z,73.29
2017-06-18T13:13:02.000Z,73.29
2017-06-18T13:14:02.000Z,73.4
2017-06-18T13:15:02.000Z,73.18
2017-06-18T13:16:02.000Z,73.29
2017-06-18T13:17:02.000Z,73.29
2017-06-18T13:18:02.000Z,73.29
2017-06-18T13:19:03.000Z,73.29
2017-06-18T13:20:03.000Z,73.29
2017-06-18T13:21:02.000Z,73.06
2017-06-18T13:22:02.000Z,72.5
2017-06-18T13:23:02.000Z,72.39
2017-06-18T13:24:02.000Z,72.39
2017-06-18T13:25:02.000Z,72.28
2017-06-18T13:26:02.000Z,72.5
2017-06-18T13:27:02.000Z,72.84
2017-06-18T13:28:02.000Z,72.61
2017-06-18T13:29:02.000Z,72.61
2017-06-18T13:30:02.000Z,72.28
2017-06-18T13:31:02.000Z,72.28
2017-06-18T13:32:02.000Z,72.16
2017-06-18T13:33:03.000Z,72.5
2017-06-18T13:34:03.000Z,72.5
2017-06-18T13:35:02.000Z,71.49
2017-06-18T13:36:02.000Z,71.38
2017-06-18T13:37:02.000Z,71.82
2017-06-18T13:38:02.000Z,71.71
2017-06-18T13:39:02.000Z,71.82
2017-06-18T13:40:02.000Z,72.05
2017-06-18T13:41:02.000Z,72.39
2017-06-18T13:42:02.000Z,72.16
2017-06-18T13:43:03.000Z,72.39
2017-06-18T13:44:03.000Z,72.39
2017-06-18T13:45:04.000Z,72.5
2017-06-18T13:46:02.000Z,72.5
2017-06-18T13:47:02.000Z,72.39
2017-06-18T13:48:02.000Z,72.16
2017-06-18T13:49:02.000Z,72.16
2017-06-18T13:50:02.000Z,72.05
2017-06-18T13:51:02.000Z,71.71
2017-06-18T13:52:02.000Z,72.05
2017-06-18T13:53:02.000Z,72.39
2017-06-18T13:54:02.000Z,72.16
2017-06-18T13:55:03.000Z,72.16
2017-06-18T13:56:03.000Z,72.16
2017-06-18T13:57:02.000Z,72.16
2017-06-18T13:58:02.000Z,71.6
2017-06-18T13:59:02.000Z,71.71
2017-06-18T14:00:02.000Z,72.16
2017-06-18T14:01:02.000Z,72.16
2017-06-18T14:02:02.000Z,72.39
2017-06-18T14:03:02.000Z,72.39
2017-06-18T14:04:02.000Z,71.6
2017-06-18T14:05:02.000Z,71.82
2017-06-18T14:06:02.000Z,72.16
2017-06-18T14:07:03.000Z,72.16
2017-06-18T14:08:03.000Z,72.16
2017-06-18T14:09:02.000Z,72.28
2017-06-18T14:10:02.000Z,72.16
2017-06-18T14:11:02.000Z,72.28
2017-06-18T14:12:02.000Z,72.28
2017-06-18T14:13:02.000Z,72.39
2017-06-18T14:14:02.000Z,72.61
2017-06-18T14:15:02.000Z,72.72
2017-06-18T14:16:02.000Z,72.5
2017-06-18T14:17:02.000Z,72.16
2017-06-18T14:18:02.000Z,72.39
2017-06-18T14:19:03.000Z,72.61
2017-06-18T14:20:03.000Z,72.61
2017-06-18T14:21:03.000Z,72.5
2017-06-18T14:22:02.000Z,72.16
2017-06-18T14:23:02.000Z,72.39
2017-06-18T14:24:02.000Z,72.28
2017-06-18T14:25:02.000Z,72.28
2017-06-18T14:26:02.000Z,72.5
2017-06-18T14:27:02.000Z,72.5
2017-06-18T14:28:02.000Z,72.61
2017-06-18T14:29:02.000Z,72.72
2017-06-18T14:30:02.000Z,72.28
2017-06-18T14:31:02.000Z,72.39
2017-06-18T14:32:02.000Z,72.28
2017-06-18T14:33:02.000Z,72.5
2017-06-18T14:34:02.000Z,72.61
2017-06-18T14:35:03.000Z,72.72
2017-06-18T14:36:02.000Z,72.84
2017-06-18T14:37:02.000Z,72.72
2017-06-18T14:38:02.000Z,72.5
2017-06-18T14:39:02.000Z,72.61
2017-06-18T14:40:02.000Z,72.5
2017-06-18T14:41:02.000Z,72.5
2017-06-18T14:42:03.000Z,72.5
2017-06-18T14:43:03.000Z,72.16
2017-06-18T14:44:02.000Z,72.28
2017-06-18T14:45:02.000Z,72.16
2017-06-18T14:46:03.000Z,71.82
2017-06-18T14:47:03.000Z,71.94
2017-06-18T14:48:03.000Z,72.16
2017-06-18T14:49:02.000Z,72.39
2017-06-18T14:50:03.000Z,72.28
2017-06-18T14:51:03.000Z,72.16
2017-06-18T14:52:02.000Z,72.16
2017-06-18T14:53:02.000Z,72.28
2017-06-18T14:54:03.000Z,72.28
2017-06-18T14:55:03.000Z,72.05
2017-06-18T14:56:02.000Z,71.82
2017-06-18T14:57:02.000Z,72.05
2017-06-18T14:58:03.000Z,72.39
2017-06-18T14:59:03.000Z,72.28
2017-06-18T15:00:02.000Z,72.28
2017-06-18T15:01:03.000Z,72.39
2017-06-18T15:02:03.000Z,72.28
2017-06-18T15:03:02.000Z,72.28
2017-06-18T15:04:02.000Z,72.16
2017-06-18T15:05:02.000Z,72.16
2017-06-18T15:06:03.000Z,72.28
2017-06-18T15:07:03.000Z,72.5
2017-06-18T15:08:03.000Z,72.5
2017-06-18T15:09:02.000Z,72.61
2017-06-18T15:10:03.000Z,72.61
2017-06-18T15:11:02.000Z,72.61
2017-06-18T15:12:02.000Z,72.72
2017-06-18T15:13:03.000Z,72.61
2017-06-18T15:14:03.000Z,72.61
2017-06-18T15:15:02.000Z,72.72
2017-06-18T15:16:03.000Z,72.61
2017-06-18T15:17:02.000Z,72.5
2017-06-18T15:18:03.000Z,72.5
2017-06-18T15:19:03.000Z,72.61
2017-06-18T15:20:04.000Z,72.72
2017-06-18T15:21:02.000Z,72.72
2017-06-18T15:22:03.000Z,72.61
2017-06-18T15:23:03.000Z,72.05
2017-06-18T15:24:02.000Z,72.05
2017-06-18T15:25:02.000Z,72.16
2017-06-18T15:26:03.000Z,72.16
2017-06-18T15:27:02.000Z,72.05
2017-06-18T15:28:02.000Z,72.28
2017-06-18T15:29:03.000Z,72.39
2017-06-18T15:30:02.000Z,72.5
2017-06-18T15:31:03.000Z,72.5
2017-06-18T15:32:02.000Z,72.39
2017-06-18T15:33:02.000Z,72.16
2017-06-18T15:34:03.000Z,71.82
2017-06-18T15:35:03.000Z,71.94
2017-06-18T15:36:02.000Z,72.05
2017-06-18T15:37:03.000Z,71.94
2017-06-18T15:38:03.000Z,72.05
2017-06-18T15:39:03.000Z,72.28
2017-06-18T15:40:03.000Z,72.39
2017-06-18T15:41:03.000Z,72.39
2017-06-18T15:42:02.000Z,72.61
2017-06-18T15:43:02.000Z,72.61
2017-06-18T15:44:02.000Z,72.5
2017-06-18T15:45:02.000Z,72.5
2017-06-18T15:46:02.000Z,72.28
2017-06-18T15:47:02.000Z,72.39
2017-06-18T15:48:02.000Z,72.5
2017-06-18T15:49:02.000Z,72.61
2017-06-18T15:50:02.000Z,72.5
2017-06-18T15:51:02.000Z,72.39
2017-06-18T15:52:02.000Z,72.5
2017-06-18T15:53:02.000Z,72.61
2017-06-18T15:54:02.000Z,72.61
2017-06-18T15:55:02.000Z,72.61
2017-06-18T15:56:02.000Z,72.28
2017-06-18T15:57:02.000Z,72.39
2017-06-18T15:58:02.000Z,72.39
2017-06-18T15:59:02.000Z,72.28
2017-06-18T16:00:02.000Z,72.39
2017-06-18T16:01:02.000Z,72.28
2017-06-18T16:02:02.000Z,72.39
2017-06-18T16:03:02.000Z,72.61
2017-06-18T16:04:02.000Z,72.61
2017-06-18T16:05:03.000Z,72.61
2017-06-18T16:06:03.000Z,72.61
2017-06-18T16:07:03.000Z,72.5
2017-06-18T16:08:03.000Z,72.5
2017-06-18T16:09:03.000Z,72.5
2017-06-18T16:10:03.000Z,72.5
2017-06-18T16:11:03.000Z,72.39
2017-06-18T16:12:03.000Z,72.61
2017-06-18T16:13:03.000Z,72.61
2017-06-18T16:14:03.000Z,72.61
2017-06-18T16:15:03.000Z,72.61
2017-06-18T16:16:03.000Z,72.5
2017-06-18T16:17:03.000Z,72.5
2017-06-18T16:18:03.000Z,72.72
2017-06-18T16:19:03.000Z,72.84
2017-06-18T16:20:03.000Z,72.72
2017-06-18T16:21:02.000Z,72.72
2017-06-18T16:22:03.000Z,72.61
2017-06-18T16:23:02.000Z,72.61
2017-06-18T16:24:03.000Z,72.72
2017-06-18T16:25:02.000Z,72.95
2017-06-18T16:26:03.000Z,72.95
2017-06-18T16:27:02.000Z,73.06
2017-06-18T16:28:03.000Z,73.06
2017-06-18T16:29:02.000Z,72.95
2017-06-18T16:30:02.000Z,72.95
2017-06-18T16:31:02.000Z,72.84
2017-06-18T16:32:02.000Z,72.84
2017-06-18T16:33:02.000Z,72.84
2017-06-18T16:34:02.000Z,72.84
2017-06-18T16:35:02.000Z,72.84
2017-06-18T16:36:02.000Z,72.72
2017-06-18T16:37:02.000Z,72.84
2017-06-18T16:38:02.000Z,72.84
2017-06-18T16:39:02.000Z,72.84
2017-06-18T16:40:02.000Z,72.84
2017-06-18T16:41:02.000Z,72.72
2017-06-18T16:42:02.000Z,72.84
2017-06-18T16:43:02.000Z,72.84
2017-06-18T16:44:02.000Z,72.84
2017-06-18T16:45:02.000Z,72.84
2017-06-18T16:46:02.000Z,72.72
2017-06-18T16:47:02.000Z,72.84
2017-06-18T16:48:02.000Z,72.84
2017-06-18T16:49:02.000Z,72.84
2017-06-18T16:50:02.000Z,72.84
2017-06-18T16:51:02.000Z,72.72
2017-06-18T16:52:02.000Z,72.84
2017-06-18T16:53:02.000Z,72.84
2017-06-18T16:54:02.000Z,72.84
2017-06-18T16:55:02.000Z,72.84
2017-06-18T16:56:02.000Z,72.72
2017-06-18T16:57:02.000Z,72.84
2017-06-18T16:58:02.000Z,72.84
2017-06-18T16:59:02.000Z,72.84
2017-06-18T17:00:02.000Z,72.84
2017-06-18T17:01:02.000Z,72.72
2017-06-18T17:02:02.000Z,72.84
2017-06-18T17:03:02.000Z,72.84
2017-06-18T17:04:02.000Z,72.84
2017-06-18T17:05:02.000Z,72.84
2017-06-18T17:06:02.000Z,72.84
2017-06-18T17:07:02.000Z,72.84
2017-06-18T17:08:02.000Z,72.72
2017-06-18T17:09:02.000Z,72.72
2017-06-18T17:10:02.000Z,72.72
2017-06-18T17:11:02.000Z,72.72
2017-06-18T17:12:02.000Z,72.72
2017-06-18T17:13:02.000Z,72.84
2017-06-18T17:14:02.000Z,72.84
2017-06-18T17:15:02.000Z,72.72
2017-06-18T17:16:02.000Z,72.72
2017-06-18T17:17:02.000Z,72.72
2017-06-18T17:18:02.000Z,72.84
2017-06-18T17:19:02.000Z,72.72
2017-06-18T17:20:02.000Z,72.72
2017-06-18T17:21:02.000Z,72.72
2017-06-18T17:22:02.000Z,72.72
2017-06-18T17:23:02.000Z,72.84
2017-06-18T17:24:02.000Z,72.72
2017-06-18T17:25:02.000Z,72.84
2017-06-18T17:26:02.000Z,72.72
2017-06-18T17:27:02.000Z,72.84
2017-06-18T17:28:02.000Z,72.72
2017-06-18T17:29:02.000Z,72.72
2017-06-18T17:30:02.000Z,72.84
2017-06-18T17:31:02.000Z,72.72
2017-06-18T17:32:02.000Z,72.72
2017-06-18T17:33:02.000Z,72.84
2017-06-18T17:34:02.000Z,72.84
2017-06-18T17:35:02.000Z,72.72
2017-06-18T17:36:02.000Z,72.72
2017-06-18T17:37:02.000Z,72.72
2017-06-18T17:38:02.000Z,72.72
2017-06-18T17:39:02.000Z,72.72
2017-06-18T17:40:03.000Z,72.72
2017-06-18T17:41:03.000Z,72.72
2017-06-18T17:42:03.000Z,72.72
2017-06-18T17:43:03.000Z,72.72
2017-06-18T17:44:03.000Z,72.84
2017-06-18T17:45:03.000Z,72.72
2017-06-18T17:46:03.000Z,72.72
2017-06-18T17:47:03.000Z,72.72
2017-06-18T17:48:03.000Z,72.84
2017-06-18T17:49:03.000Z,72.72
2017-06-18T17:50:03.000Z,72.72
2017-06-18T17:51:03.000Z,72.72
2017-06-18T17:52:03.000Z,72.72
2017-06-18T17:53:03.000Z,72.84
2017-06-18T17:54:03.000Z,72.84
2017-06-18T17:55:03.000Z,72.72
2017-06-18T17:56:02.000Z,72.72
2017-06-18T17:57:03.000Z,72.84
2017-06-18T17:58:02.000Z,72.84
2017-06-18T17:59:03.000Z,72.72
2017-06-18T18:00:02.000Z,72.72
2017-06-18T18:01:03.000Z,72.72
2017-06-18T18:02:02.000Z,72.84
2017-06-18T18:03:02.000Z,72.72
2017-06-18T18:04:02.000Z,72.84
2017-06-18T18:05:03.000Z,72.72
2017-06-18T18:06:02.000Z,72.72
2017-06-18T18:07:02.000Z,72.72
2017-06-18T18:08:02.000Z,72.84
2017-06-18T18:09:02.000Z,72.84
2017-06-18T18:10:02.000Z,72.84
2017-06-18T18:11:02.000Z,72.72
2017-06-18T18:12:02.000Z,72.84
2017-06-18T18:13:02.000Z,72.84
2017-06-18T18:14:02.000Z,72.84
2017-06-18T18:15:02.000Z,72.84
2017-06-18T18:16:02.000Z,72.72
2017-06-18T18:17:02.000Z,72.72
2017-06-18T18:18:02.000Z,72.84
2017-06-18T18:19:02.000Z,72.84
2017-06-18T18:20:02.000Z,72.72
2017-06-18T18:21:02.000Z,72.84
2017-06-18T18:22:02.000Z,72.84
2017-06-18T18:23:02.000Z,72.84
2017-06-18T18:24:02.000Z,72.84
2017-06-18T18:25:02.000Z,72.72
2017-06-18T18:26:02.000Z,72.72
2017-06-18T18:27:02.000Z,72.84
2017-06-18T18:28:02.000Z,72.84
2017-06-18T18:29:02.000Z,72.84
2017-06-18T18:30:02.000Z,72.84
2017-06-18T18:31:02.000Z,72.72
2017-06-18T18:32:02.000Z,72.84
2017-06-18T18:33:02.000Z,72.84
2017-06-18T18:34:02.000Z,72.84
2017-06-18T18:35:02.000Z,72.84
2017-06-18T18:36:02.000Z,72.84
2017-06-18T18:37:02.000Z,72.84
2017-06-18T18:38:02.000Z,72.84
2017-06-18T18:39:02.000Z,72.84
2017-06-18T18:40:02.000Z,72.84
2017-06-18T18:41:02.000Z,72.84
2017-06-18T18:42:02.000Z,72.84
2017-06-18T18:43:03.000Z,72.84
2017-06-18T18:44:03.000Z,72.84
2017-06-18T18:45:02.000Z,72.84
2017-06-18T18:46:02.000Z,72.84
2017-06-18T18:47:03.000Z,72.84
2017-06-18T18:48:03.000Z,72.84
2017-06-18T18:49:03.000Z,72.84
2017-06-18T18:50:03.000Z,72.84
2017-06-18T18:51:03.000Z,74.41
2017-06-18T18:52:03.000Z,75.54
2017-06-18T18:53:03.000Z,76.78
2017-06-18T18:54:03.000Z,77.22
2017-06-18T18:55:03.000Z,77.56
2017-06-18T18:56:03.000Z,77.68
2017-06-18T18:57:03.000Z,78.01
2017-06-18T18:58:03.000Z,77.9
2017-06-18T18:59:03.000Z,78.24
2017-06-18T19:00:03.000Z,78.46
2017-06-18T19:01:03.000Z,78.35
2017-06-18T19:02:03.000Z,78.57
2017-06-18T19:03:02.000Z,78.69
2017-06-18T19:04:03.000Z,78.8
2017-06-18T19:05:02.000Z,78.8
2017-06-18T19:06:03.000Z,78.91
2017-06-18T19:07:02.000Z,79.03
2017-06-18T19:08:03.000Z,79.03
2017-06-18T19:09:02.000Z,78.91
2017-06-18T19:10:03.000Z,79.03
2017-06-18T19:11:02.000Z,79.03
2017-06-18T19:12:03.000Z,79.03
2017-06-18T19:13:02.000Z,79.14
2017-06-18T19:14:02.000Z,79.14
2017-06-18T19:15:02.000Z,79.25
2017-06-18T19:16:02.000Z,79.14
2017-06-18T19:17:02.000Z,79.14
2017-06-18T19:18:02.000Z,79.14
2017-06-18T19:19:02.000Z,79.14
2017-06-18T19:20:02.000Z,79.14
2017-06-18T19:21:02.000Z,79.14
2017-06-18T19:22:02.000Z,79.36
2017-06-18T19:23:02.000Z,79.25
2017-06-18T19:24:02.000Z,79.36
2017-06-18T19:25:02.000Z,79.25
2017-06-18T19:26:02.000Z,79.14
2017-06-18T19:27:02.000Z,79.14
2017-06-18T19:28:02.000Z,79.25
2017-06-18T19:29:02.000Z,79.25
2017-06-18T19:30:02.000Z,79.25
2017-06-18T19:31:02.000Z,79.14
2017-06-18T19:32:02.000Z,79.14
2017-06-18T19:33:02.000Z,79.14
2017-06-18T19:34:02.000Z,79.14
2017-06-18T19:35:02.000Z,79.03
2017-06-18T19:36:02.000Z,79.03
2017-06-18T19:37:02.000Z,79.03
2017-06-18T19:38:02.000Z,79.03
2017-06-18T19:39:02.000Z,78.91
2017-06-18T19:40:02.000Z,78.91
2017-06-18T19:41:02.000Z,78.8
2017-06-18T19:42:02.000Z,78.8
2017-06-18T19:43:02.000Z,78.69
2017-06-18T19:44:02.000Z,78.8
2017-06-18T19:45:02.000Z,78.69
2017-06-18T19:46:02.000Z,78.69
2017-06-18T19:47:02.000Z,78.57
2017-06-18T19:48:02.000Z,78.69
2017-06-18T19:49:02.000Z,78.8
2017-06-18T19:50:02.000Z,78.8
2017-06-18T19:51:02.000Z,78.57
2017-06-18T19:52:02.000Z,78.69
2017-06-18T19:53:02.000Z,78.69
2017-06-18T19:54:02.000Z,78.57
2017-06-18T19:55:02.000Z,78.69
2017-06-18T19:56:02.000Z,78.57
2017-06-18T19:57:02.000Z,78.69
2017-06-18T19:58:02.000Z,78.69
2017-06-18T19:59:02.000Z,78.69
2017-06-18T20:00:02.000Z,78.57
2017-06-18T20:01:02.000Z,78.46
2017-06-18T20:02:02.000Z,78.57
2017-06-18T20:03:02.000Z,78.46
2017-06-18T20:04:02.000Z,78.46
2017-06-18T20:05:02.000Z,78.46
2017-06-18T20:06:02.000Z,78.35
2017-06-18T20:07:02.000Z,78.35
2017-06-18T20:08:02.000Z,78.12
2017-06-18T20:09:02.000Z,78.35
2017-06-18T20:10:02.000Z,78.35
2017-06-18T20:11:02.000Z,78.35
2017-06-18T20:12:02.000Z,78.46
2017-06-18T20:13:02.000Z,78.35
2017-06-18T20:14:02.000Z,78.46
2017-06-18T20:15:02.000Z,78.46
2017-06-18T20:16:02.000Z,78.35
2017-06-18T20:17:02.000Z,78.35
2017-06-18T20:18:02.000Z,78.24
2017-06-18T20:19:02.000Z,78.35
2017-06-18T20:20:02.000Z,78.35
2017-06-18T20:21:02.000Z,78.24
2017-06-18T20:22:02.000Z,78.24
2017-06-18T20:23:02.000Z,78.35
2017-06-18T20:24:02.000Z,78.24
2017-06-18T20:25:03.000Z,78.24
2017-06-18T20:26:03.000Z,78.12
2017-06-18T20:27:03.000Z,78.12
2017-06-18T20:28:03.000Z,78.12
2017-06-18T20:29:03.000Z,78.12
2017-06-18T20:30:03.000Z,78.12
2017-06-18T20:31:03.000Z,78.01
2017-06-18T20:32:03.000Z,78.12
2017-06-18T20:33:03.000Z,78.01
2017-06-18T20:34:03.000Z,78.01
2017-06-18T20:35:03.000Z,78.01
2017-06-18T20:36:03.000Z,78.01
2017-06-18T20:37:03.000Z,78.01
2017-06-18T20:38:03.000Z,78.01
2017-06-18T20:39:03.000Z,77.9
2017-06-18T20:40:02.000Z,77.9
2017-06-18T20:41:03.000Z,77.79
2017-06-18T20:42:03.000Z,77.9
2017-06-18T20:43:03.000Z,77.9
2017-06-18T20:44:02.000Z,77.9
2017-06-18T20:45:03.000Z,77.9
2017-06-18T20:46:02.000Z,77.79
2017-06-18T20:47:03.000Z,77.79
2017-06-18T20:48:02.000Z,77.79
2017-06-18T20:49:03.000Z,77.79
2017-06-18T20:50:02.000Z,77.79
2017-06-18T20:51:03.000Z,77.68
2017-06-18T20:52:02.000Z,77.68
2017-06-18T20:53:02.000Z,77.56
2017-06-18T20:54:02.000Z,77.68
2017-06-18T20:55:02.000Z,77.68
2017-06-18T20:56:02.000Z,77.68
2017-06-18T20:57:02.000Z,77.68
2017-06-18T20:58:02.000Z,77.68
2017-06-18T20:59:02.000Z,77.68
2017-06-18T21:00:02.000Z,77.68
2017-06-18T21:01:02.000Z,77.56
2017-06-18T21:02:02.000Z,77.56
2017-06-18T21:03:02.000Z,77.56
2017-06-18T21:04:02.000Z,77.56
2017-06-18T21:05:02.000Z,77.56
2017-06-18T21:06:02.000Z,77.45
2017-06-18T21:07:02.000Z,77.56
2017-06-18T21:08:02.000Z,77.56
2017-06-18T21:09:02.000Z,77.56
2017-06-18T21:10:02.000Z,77.56
2017-06-18T21:11:02.000Z,77.45
2017-06-18T21:12:02.000Z,77.56
2017-06-18T21:13:02.000Z,77.56
2017-06-18T21:14:02.000Z,77.56
2017-06-18T21:15:02.000Z,77.56
2017-06-18T21:16:02.000Z,77.45
2017-06-18T21:17:02.000Z,77.45
2017-06-18T21:18:02.000Z,77.45
2017-06-18T21:19:02.000Z,77.45
2017-06-18T21:20:02.000Z,77.34
